product_names,product_price
product_names,product_price
product_names,product_price
product_names,product_price
product_names,product_price
product_names,product_price
product_names,product_price
product_names,product_price
product_names,product_price
product_names,product_price
product_names,product_price
product_names,product_price
product_names,product_price
product_names,product_price
product_names,product_price
product_names,product_price
product_names,product_price
product_names,product_price
product_names,product_price
